episode,reward,rolling_reward_50,epsilon,mean_loss,acceptance_rate,action_0,action_1,action_2,action_3,action_4
1,285.7003805139706,285.7003805139706,0.9907777271628829,0.0,0.75,4,1,2,1,4
2,131.95384675258353,208.82711363327707,0.9649996151213335,0.0,0.75,2,2,1,3,4
3,82.53318975892398,166.7291390084927,0.9240041165478444,0.0,0.3333333333333333,1,1,2,4,4
4,39.544915590418725,134.93308315397422,0.8698849441747556,0.0,0.16666666666666666,3,2,3,1,3
5,191.90666726184784,146.32779997554894,0.8053136955519588,0.0,0.5,5,1,2,1,3
6,285.74156940700016,169.56342821412414,0.7333212633409554,0.0,0.75,5,2,1,2,2
7,297.23301604562425,187.8019407614813,0.6570629317067814,0.0,0.5,7,2,2,0,1
8,31.466398275286267,168.25999795070692,0.5795923942044728,0.0,0.08333333333333333,9,0,1,1,1
9,74.48857117707286,157.84095053141425,0.5036668149865501,0.0,0.3333333333333333,3,2,2,3,2
10,116.21105208638494,153.67796068691132,0.43159924087073875,0.0,0.3333333333333333,9,0,0,0,3
11,215.33908282407367,159.28351724483517,0.36516729126975866,0.0,0.4166666666666667,10,0,1,0,1
12,83.74711784872791,152.98881729515955,0.3055793833240285,0.0,0.25,7,2,1,0,2
13,175.27861291785578,154.70341695844388,0.2534929630567075,0.0,0.5,9,1,1,1,0
14,205.0636498446582,158.30057645031633,0.2090741796440222,0.0,0.5833333333333334,9,0,0,1,2
15,154.35093632015656,158.03726710830566,0.17208561368317876,0.0,0.3333333333333333,11,0,0,0,1
16,78.8393090735984,153.08739473113647,0.1419880761204162,0.0,0.3333333333333333,11,0,0,1,0
17,202.66302944443694,156.00360853780123,0.1180437963027197,0.0,0.4166666666666667,12,0,0,0,0
18,97.01494646661119,152.7264606449573,0.09941094499385517,0.0,0.16666666666666666,10,0,0,0,2
19,192.70198420753155,154.83043556930332,0.0852227321375601,0.0,0.4166666666666667,12,0,0,0,0
20,31.498710037923857,148.66384929273437,0.07464766426525417,0.0,0.16666666666666666,12,0,0,0,0
21,190.17793012194102,150.64071028460134,0.06693046568696279,0.0,0.3333333333333333,11,0,0,1,0
22,114.65752568166126,149.0051109844677,0.0614153691270571,0.0,0.4166666666666667,10,0,1,0,1
23,210.73122471733464,151.68885505980975,0.057554859880944984,0.0,0.5833333333333334,11,0,0,0,1
24,101.4928228633626,149.5973537182911,0.05490756100035549,0.0,0.16666666666666666,11,1,0,0,0
25,93.1409613424029,147.3390980232556,0.053128925603203314,0.0,0.25,12,0,0,0,0
26,0.0,141.67220963774574,0.051957953466342376,0.0,0.0,12,0,0,0,0
27,272.88589770847807,146.5319758625877,0.051202470455018766,0.0,0.5833333333333334,12,0,0,0,0
28,34.60075341052865,142.5344322035856,0.05072476742248329,0.0,0.08333333333333333,11,1,0,0,0
29,92.11107107149786,140.79569561282395,0.05042870875859713,0.0,0.3333333333333333,11,0,1,0,0
30,71.70582412558218,138.49269989658254,0.05024885862253606,0.0,0.25,12,0,0,0,0
31,219.99515500631762,141.1218113517353,0.050141761021917496,0.0,0.4166666666666667,12,0,0,0,0
32,136.0079828032603,140.96200420959545,0.05007924318165752,0.0,0.25,11,0,0,1,0
33,176.27507774224472,142.03209734694843,0.05004346653095207,0.0,0.4166666666666667,12,0,0,0,0
34,117.89538471372104,141.32219403420646,0.05002339500292636,0.0,0.4166666666666667,11,0,1,0,0
35,0.0,137.28441706180055,0.05001235529936105,0.0,0.0,10,1,0,0,1
36,76.09434159508862,135.58469274328078,0.050006402247279806,0.0,0.16666666666666666,12,0,0,0,0
37,0.0,131.92024158805697,0.05000325497408499,0.0,0.0,12,0,0,0,0
38,148.3788819868284,132.35336370381413,0.05000162362384147,0.0,0.25,12,0,0,0,0
39,0.0,128.95968771140863,0.05000079457140428,0.0,0.0,12,0,0,0,0
40,59.9416820012798,127.23423756865543,0.05000038148446759,0.0,0.16666666666666666,11,0,1,0,0
41,113.34252239555688,126.89541524736033,0.05000017968174433,0.0,0.3333333333333333,11,0,1,0,0
42,131.52584068650245,127.00566347210182,0.050000083023477956,1.8677064657211304,0.4166666666666667,8,0,0,0,4
43,109.90771236666433,126.60803670220793,0.050000037631750996,2.238509344557921,0.25,0,0,12,0,0
44,323.29553186701315,131.0782070468626,0.05000001673212451,1.6625425219535828,0.75,2,2,6,0,2
45,81.31191891736577,129.97228953287376,0.05000000729755681,1.2277956381440163,0.25,7,0,0,0,5
46,146.53792761801543,130.33241209994208,0.05000000312190837,1.2661721855401993,0.5,5,0,4,0,3
47,129.76853983676364,130.32041481774678,0.05000000130998276,1.1387907192111015,0.3333333333333333,0,0,12,0,0
48,132.76035537485896,130.37124691268662,0.05000000053913835,0.6754125791291395,0.5,9,0,0,3,0
49,231.87675427924404,132.44278787935104,0.05000000021762585,0.44252899661660194,0.5,8,0,0,0,4
50,82.68184961864233,131.44756911413688,0.05000000008615545,0.15798653910557428,0.3333333333333333,0,0,0,0,12
51,282.00920516605936,131.37374560717865,0.05000000003345056,0.9988526577750841,0.75,2,3,1,4,2
52,204.7452861148644,132.82957439442427,0.050000000012736745,1.5868413945039113,0.5833333333333334,12,0,0,0,0
53,174.51030013833076,134.6691166020124,0.050000000004755914,1.3087149858474731,0.5833333333333334,12,0,0,0,0
54,24.487756464761162,134.36797341949924,0.05000000000174147,0.6451692432165146,0.08333333333333333,12,0,0,0,0
55,85.06385068557898,132.2311170879739,0.05000000000062531,0.7620402301351229,0.25,7,5,0,0,0
56,119.42720559712758,128.90482981177644,0.05000000000022017,0.2882142513990402,0.5,0,2,0,1,9
57,358.0208319328755,130.12058612952146,0.05000000000007601,1.3371921467284362,0.8333333333333334,1,0,5,0,6
58,171.2048600666105,132.91535536534795,0.05000000000002574,1.3028074229756992,0.5,9,0,2,1,0
59,192.1927809527072,135.2694395608606,0.050000000000008545,2.2514458497365317,0.75,1,0,10,1,0
60,242.46199872830306,137.79445849369895,0.05000000000000278,0.14376777286330858,0.6666666666666666,0,0,0,12,0
61,109.74580284133194,135.68259289404415,0.050000000000000884,1.1614188415308793,0.3333333333333333,11,0,0,1,0
62,200.20905472858914,138.01183163164137,0.05000000000000028,0.5452134025593599,0.3333333333333333,10,1,0,0,1
63,70.80040524151684,135.92226747811458,0.050000000000000086,1.3086359562973182,0.16666666666666666,0,1,5,0,6
64,237.80535911150866,136.5771016634516,0.05000000000000004,1.2906562214096386,0.6666666666666666,0,0,6,0,6
65,174.59706944151065,136.98202432587868,0.05000000000000004,1.124020379036665,0.5,0,0,5,0,7
66,94.87360707010761,137.3027102858089,0.05000000000000004,1.2778396010398865,0.3333333333333333,8,0,4,0,0
67,150.41838090483554,136.25781731501684,0.05000000000000003,1.0040878752867382,0.5833333333333334,8,0,0,4,0
68,93.66221134675752,136.19076261261978,0.05000000000000003,0.706360379854838,0.25,4,0,0,7,1
69,71.74461684033706,133.77161526527587,0.05000000000000003,0.3934668153524399,0.3333333333333333,0,1,0,11,0
70,250.45626256578302,138.15076631583304,0.05000000000000003,0.7256404037276903,0.75,0,12,0,0,0
71,149.25525863977967,137.3323128861898,0.05000000000000003,0.31124740839004517,0.3333333333333333,0,12,0,0,0
72,224.4643867156284,139.52845010686917,0.05000000000000003,0.5668229510386785,0.75,2,0,9,1,0
73,210.14873628455294,139.51680033821356,0.05000000000000003,0.31597693016131717,0.5,0,9,0,3,0
74,75.89274434264976,139.0047987677993,0.05000000000000003,0.5545066812386116,0.16666666666666666,2,8,0,2,0
75,156.54652381052614,140.27291001716176,0.05000000000000003,2.0022723972797394,0.3333333333333333,8,1,3,0,0
76,355.51507488731835,147.3832115149081,0.05000000000000003,1.4318135778109233,0.5833333333333334,7,0,5,0,0
77,0.0,141.92549356073857,0.05000000000000003,1.4592567682266235,0.0,6,0,6,0,0
78,156.14477022645568,144.3563738970571,0.05000000000000003,1.2864577621221542,0.6666666666666666,12,0,0,0,0
79,143.87111669316096,145.39157480949035,0.05000000000000003,0.9406076744198799,0.25,10,0,2,0,0
80,55.56272106445216,145.06871274826776,0.05000000000000003,0.7790214742223421,0.25,12,0,0,0,0
81,291.1935482166115,146.49268061247366,0.05000000000000003,2.076197703679403,0.6666666666666666,1,8,2,1,0
82,185.4820587576889,147.4821621315622,0.05000000000000003,1.2866812000672023,0.5833333333333334,1,11,0,0,0
83,141.93394246241124,146.79533942596555,0.05000000000000003,0.9265589167674383,0.4166666666666667,0,12,0,0,0
84,151.46189829428215,147.46666969757678,0.050000000000000024,0.46606675287087757,0.25,0,12,0,0,0
85,139.47423998225918,150.25615449722193,0.050000000000000024,0.1364346641736726,0.3333333333333333,5,7,0,0,0
86,63.40765064185258,150.00242067815722,0.050000000000000024,0.05974054615944624,0.5,12,0,0,0,0
87,122.09226266403729,152.444265931438,0.050000000000000024,0.04680374932164947,0.25,5,6,0,1,0
88,257.20413046836217,154.62077090106865,0.050000000000000024,0.1745594466725985,0.5,0,12,0,0,0
89,291.6433286050651,160.45363747316998,0.050000000000000024,0.22072839736938477,0.9166666666666666,1,1,2,8,0
90,98.00733573080721,161.2149505477605,0.050000000000000024,0.03674215326706568,0.3333333333333333,11,0,0,0,1
91,220.28682752687476,163.35383665038688,0.050000000000000024,0.024099922894189756,0.5833333333333334,5,7,0,0,0
92,289.48907485821934,166.51310133382123,0.050000000000000024,0.02057970385067165,1.0,12,0,0,0,0
93,170.1684794534759,167.71831667555745,0.050000000000000024,0.09963239325831334,0.4166666666666667,0,12,0,0,0
94,77.30086164503612,162.79842327111788,0.050000000000000024,0.23173824635644755,0.3333333333333333,1,0,8,3,0
95,77.23065375105408,162.71679796779165,0.050000000000000024,0.07776220608502626,0.25,0,12,0,0,0
96,156.77771713377174,162.92159375810678,0.050000000000000024,0.020073100924491882,0.3333333333333333,0,12,0,0,0
97,87.46361255417125,162.0754952124549,0.050000000000000024,0.026220497209578753,0.16666666666666666,0,12,0,0,0
98,154.3604328781485,162.50749676252073,0.050000000000000024,0.0807658984946708,0.3333333333333333,0,12,0,0,0
99,231.9668409812116,162.50929849656006,0.050000000000000024,0.3952877086897691,0.75,0,2,0,10,0
100,328.69644728550094,167.42959044989726,0.050000000000000024,0.20184706524014473,0.8333333333333334,0,0,0,12,0
101,256.05815234245665,166.91056939342516,0.050000000000000024,0.3390269524728258,0.6666666666666666,0,4,0,8,0
102,430.4627652067592,171.4249189752631,0.050000000000000024,0.2500921608880162,0.5833333333333334,1,11,0,0,0
103,246.98899976100634,172.87449296771658,0.050000000000000024,0.04186516751845678,0.5,0,12,0,0,0
104,238.24346304032503,177.14960709922786,0.050000000000000024,0.40251599873105687,0.5833333333333334,0,8,3,1,0
105,201.13141619335255,179.47095840938334,0.050000000000000024,0.25398834732671577,0.5833333333333334,0,0,12,0,0
106,111.74121342089481,179.3172385658587,0.050000000000000024,0.24003144105275473,0.5,0,6,3,3,0
107,193.56693564278166,176.02816064005685,0.050000000000000024,0.033608872132996716,0.3333333333333333,0,12,0,0,0
108,119.16233103520497,174.98731005942872,0.050000000000000024,0.13705921980241934,0.5,0,5,0,7,0
109,384.7855316156122,178.8391650726868,0.050000000000000024,0.5050472468137741,0.8333333333333334,0,7,0,5,0
110,192.51158073048273,177.84015671273042,0.050000000000000024,0.3230275698006153,0.75,0,0,0,12,0
111,162.74821340066416,178.90020492391704,0.050000000000000024,0.17088236566632986,0.5,0,0,1,2,9
112,192.8319694393697,178.75266321813268,0.05000000000000002,0.4857029722382625,0.5833333333333334,0,7,5,0,0
113,127.15580786429108,179.87977127058812,0.05000000000000002,0.12263051141053438,0.4166666666666667,0,12,0,0,0
114,114.75433696938413,177.41875082774564,0.05000000000000002,0.15458219250043234,0.4166666666666667,1,6,0,5,0
115,209.97807993963517,178.12637103770817,0.05000000000000002,0.3373099975287914,0.6666666666666666,1,1,0,10,0
116,92.03957295038677,178.06969035531372,0.05000000000000002,0.07667877276738484,0.5833333333333334,0,0,1,11,0
117,119.26673585847709,177.44665745438655,0.05000000000000002,0.046062530328830086,0.4166666666666667,0,12,0,0,0
118,151.97035612741146,178.6128203499996,0.05000000000000002,0.07477270035694043,0.4166666666666667,0,12,0,0,0
119,67.5,178.52792801319288,0.05000000000000002,0.08284831916292508,0.75,0,0,0,11,1
120,237.19960648087238,178.26279489149468,0.05000000000000002,0.08673165179789066,0.5833333333333334,0,12,0,0,0
121,84.9858710759677,176.97740714021842,0.05000000000000002,0.1144505466024081,0.5,0,0,0,12,0
122,73.00788770513155,173.94827716000847,0.05000000000000002,0.16492945328354836,0.16666666666666666,0,12,0,0,0
123,33.625199537678895,170.417806425071,0.05000000000000002,0.1846337839961052,0.08333333333333333,0,12,0,0,0
124,106.44513941841237,171.0288543265863,0.05000000000000002,0.13313387458523115,0.25,0,12,0,0,0
125,97.75147226017317,169.85295329557925,0.05000000000000002,0.11126570838193099,0.25,0,11,0,0,1
126,71.72711813909655,164.1771941606148,0.05000000000000002,0.07441387341047327,0.16666666666666666,0,12,0,0,0
127,21.006477998189673,164.59732372057857,0.05000000000000002,0.023182494565844536,0.08333333333333333,12,0,0,0,0
128,259.7892238754432,166.6702127935583,0.05000000000000002,0.062343369548519455,0.5,1,11,0,0,0
129,181.90584773949365,167.43090741448498,0.05000000000000002,0.10017992726837595,0.4166666666666667,0,12,0,0,0
130,93.7891655091094,168.19543630337813,0.05000000000000002,0.03324536055636903,0.25,0,11,0,1,0
131,113.05510644372842,164.63266746792044,0.05000000000000002,0.10134642260770003,0.4166666666666667,2,0,3,7,0
132,109.72103479822326,163.11744698873116,0.05000000000000002,0.03799138218164444,0.5,11,0,0,1,0
133,137.953974545585,163.03784763039462,0.05000000000000002,0.20823475221792856,0.5833333333333334,1,0,0,11,0
134,191.72444720459072,163.84309860860077,0.05000000000000002,0.10565668406585853,0.9166666666666666,0,0,0,12,0
135,219.55918259956294,165.44479746094686,0.05000000000000002,0.054028348376353584,1.0,0,1,1,10,0
136,0.0,164.1766444481098,0.05000000000000002,0.02846280058535437,0.0,0,12,0,0,0
137,95.19112885273755,163.6386217718838,0.05000000000000002,0.13776009669527411,0.4166666666666667,6,1,0,5,0
138,199.718640498389,162.48891197248432,0.05000000000000002,0.11888462568943699,0.6666666666666666,0,6,0,6,0
139,108.9863655386932,158.8357727111569,0.05000000000000002,0.07263539421061675,0.5,9,0,0,3,0
140,192.57068392715206,160.72703967508383,0.05000000000000002,0.03635825961828232,0.5833333333333334,0,11,0,1,0
141,151.81297606974363,159.3575626459412,0.05000000000000002,0.0822885362431407,0.6666666666666666,10,1,1,0,0
142,35.04252293467891,154.2686316074704,0.05000000000000002,0.0896520580475529,0.08333333333333333,0,12,0,0,0
143,147.42518343921046,153.81376568718508,0.05000000000000002,0.05914998302857081,0.25,0,11,0,1,0
144,169.46394358213655,155.6570273259271,0.05000000000000002,0.04438829546173414,0.4166666666666667,0,12,0,0,0
145,45.46251731810111,155.021664597268,0.05000000000000002,0.04708093078806996,0.25,11,0,1,0,0
146,0.0,151.88611025459258,0.05000000000000002,0.08727516978979111,0.0,0,12,0,0,0
147,188.39231685893122,153.9046843406878,0.05000000000000002,0.11949738549689452,0.3333333333333333,0,12,0,0,0
148,208.97085490679632,154.99689278126073,0.05000000000000002,0.1701772672434648,0.4166666666666667,0,12,0,0,0
149,297.56512893387276,156.30885854031396,0.05000000000000002,0.08773285957674186,0.6666666666666666,0,12,0,0,0
150,189.84573532022046,153.53184430100836,0.05000000000000002,0.06446647426734368,0.5,1,11,0,0,0
151,210.5206380695463,152.62109401555014,0.05000000000000002,0.09918883194526036,0.5,1,11,0,0,0
152,163.67670790360873,147.28537286948713,0.05000000000000002,0.11180667765438557,0.25,0,12,0,0,0
153,236.1920218474072,147.06943331121516,0.05000000000000002,0.07482373838623364,0.75,0,11,0,0,1
154,165.75030838503832,145.6195702181094,0.05000000000000002,0.079801297125717,0.8333333333333334,0,0,0,0,12
155,257.63483082243835,146.74963851069114,0.05000000000000002,0.09079115930944681,0.4166666666666667,0,12,0,0,0
156,221.215430058126,148.93912284343577,0.05000000000000002,0.18612103660901388,0.5,0,11,0,1,0
157,180.59612269613726,148.67970658450287,0.05000000000000002,0.40283146624763805,0.5,0,4,0,0,8
158,300.23335222104595,152.30112700821968,0.05000000000000002,0.1818544746687015,0.5833333333333334,0,0,11,0,1
159,87.25465207165226,146.35050941734048,0.05000000000000002,0.12894416910906634,0.16666666666666666,0,0,3,9,0
160,152.94236481000826,145.559125098931,0.05000000000000002,0.12231231853365898,0.5833333333333334,0,0,1,11,0
161,320.40603703076636,148.71228157153303,0.05000000000000002,0.1310898344963789,0.75,0,0,0,8,4
162,155.33329124761502,147.96230800769797,0.05000000000000002,0.11896340952565272,0.5833333333333334,0,0,0,9,3
163,260.0754980593779,150.62070181159967,0.05000000000000002,0.14771594231327376,0.5833333333333334,2,0,0,0,10
164,192.95277733988283,152.18467061900964,0.05000000000000002,0.1128927922497193,0.6666666666666666,0,0,2,10,0
165,313.82740017762336,154.26165702376943,0.05000000000000002,0.09794375921289127,0.8333333333333334,0,0,0,11,1
166,214.69406978290016,156.71474696041972,0.05000000000000002,0.1426012528439363,0.75,1,0,0,3,8
167,137.1866239916811,157.0731447230838,0.05000000000000001,0.12514811505874,0.3333333333333333,0,0,0,4,8
168,207.42330687817218,158.182203738099,0.05000000000000001,0.0959481621781985,0.5833333333333334,0,0,0,12,0
169,250.9305999297296,161.8508157366936,0.05000000000000001,0.08890831066916387,0.6666666666666666,0,0,0,12,0
170,128.724598312096,159.68131557331805,0.05000000000000001,0.0990148310859998,0.4166666666666667,0,2,0,0,10
171,264.84994814939853,163.2785971147867,0.05000000000000001,0.10768903853992622,0.5,0,4,6,1,1
172,147.71270651539396,164.7726934909919,0.05000000000000001,0.12062845348070066,0.4166666666666667,0,0,11,1,0
173,243.303181211994,168.96625312447824,0.05000000000000001,0.09804418031126261,0.5833333333333334,3,0,8,1,0
174,295.0465946430447,172.73828222897086,0.05000000000000001,0.10534515293935935,0.75,4,0,0,8,0
175,108.38780439798519,172.95100887172714,0.05000000000000001,0.09708924715717633,0.4166666666666667,0,1,0,11,0
176,132.2398894376122,174.16126429769744,0.05000000000000001,0.10931277275085449,0.5,0,1,0,5,6
177,177.075089671856,177.2826365311708,0.05000000000000001,0.11573998630046844,0.4166666666666667,0,0,0,12,0
178,166.0546326949379,175.40794470756063,0.05000000000000001,0.09578810989235838,0.5833333333333334,0,0,0,0,12
179,307.8485242808393,177.92679823838756,0.05000000000000001,0.11708219287296136,0.6666666666666666,0,0,0,0,12
180,148.94619524288714,179.02993883306308,0.05000000000000001,0.09959383464107911,0.5,0,0,0,3,9
181,187.0010258161691,180.50885722051189,0.05000000000000001,0.1174287370716532,0.5833333333333334,0,0,0,10,2
182,247.5150244738587,183.2647370140246,0.05000000000000001,0.08567215502262115,0.5,0,4,4,4,0
183,325.2861774368187,187.0113810718493,0.05000000000000001,0.10671944543719292,0.75,0,0,10,2,0
184,46.007046737155505,184.0970330625006,0.05000000000000001,0.12383268276850383,0.16666666666666666,1,0,0,11,0
185,295.5458072400724,185.61676555531076,0.05000000000000001,0.10064976165692012,0.75,0,0,4,8,0
186,187.95177723837082,189.37580110007823,0.05000000000000001,0.09566434038182099,0.6666666666666666,0,0,1,5,6
187,238.10920757714615,192.2341626745664,0.05000000000000001,0.11687474837526679,0.75,0,0,2,10,0
188,78.00706682241315,189.79993120104686,0.05000000000000001,0.11466206144541502,0.25,7,0,5,0,0
189,328.01190761448754,194.18044204256276,0.05000000000000001,0.0803449039037029,0.9166666666666666,0,0,0,12,0
190,153.2200494289175,193.39342935259808,0.05000000000000001,0.10729192631940047,0.4166666666666667,5,0,6,1,0
191,249.80455503126967,195.35326093182854,0.05000000000000001,0.10658446823557217,0.5833333333333334,2,9,0,1,0
192,176.07732798154836,198.17395703276594,0.05000000000000001,0.09677292732521892,0.6666666666666666,0,0,0,11,1
193,235.62935298179144,199.9380404236176,0.05000000000000001,0.1013834939027826,0.5833333333333334,0,0,5,6,1
194,274.6286804973011,202.0413351619209,0.05000000000000001,0.11360576779892047,0.6666666666666666,0,0,12,0,0
195,225.30172335727895,205.63811928270442,0.05000000000000001,0.1003139391541481,0.4166666666666667,0,4,0,7,1
196,216.18701840028322,209.96185965071015,0.05000000000000001,0.11256899250050385,0.4166666666666667,0,2,0,0,10
197,148.58098304186635,209.1656329743688,0.05000000000000001,0.10815712250769138,0.4166666666666667,11,0,0,0,1
198,399.591137567388,212.97803862758064,0.05000000000000001,0.11159474899371465,0.9166666666666666,3,0,0,9,0
199,179.4134085247121,210.61500421939738,0.05000000000000001,0.1155401576931278,0.5833333333333334,0,0,8,4,0
200,113.1694320994901,209.0814781549828,0.05000000000000001,0.1065024621784687,0.25,0,0,11,0,1
201,71.78809347413436,206.30682726307458,0.05000000000000001,0.12990731373429298,0.16666666666666666,0,0,12,0,0
202,96.68132263886332,204.9669195577797,0.05000000000000001,0.1204794142395258,0.25,11,0,1,0,0
203,191.06526378734958,204.06438439657853,0.05000000000000001,0.11170757065216701,0.5,12,0,0,0,0
204,111.4410670617306,202.97819957011237,0.05000000000000001,0.12180878904958566,0.4166666666666667,1,0,11,0,0
205,61.43776539462871,199.05425826155616,0.05000000000000001,0.08598890093465646,0.25,1,0,11,0,0
206,110.38801758818326,196.83771001215734,0.05000000000000001,0.08742818236351013,0.3333333333333333,7,0,0,0,5
207,224.3319647497299,197.7124268532292,0.05000000000000001,0.08864631534864505,0.6666666666666666,0,0,1,11,0
208,163.77025325826995,194.98316487397366,0.05000000000000001,0.09410061392312248,0.3333333333333333,0,0,3,3,6
209,94.37177161387615,195.1255072648181,0.05000000000000001,0.1248764842748642,0.25,0,1,6,1,4
210,283.7563219740918,197.74178640809976,0.05000000000000001,0.10489726687471072,0.8333333333333334,0,0,1,11,0
211,66.16362044770148,192.65693807643848,0.05000000000000001,0.09229911646495263,0.25,9,0,0,3,0
212,272.60293328044935,195.0023309170952,0.05000000000000001,0.09065424619863431,0.5,8,3,1,0,0
213,155.7960536239578,192.91674202838675,0.05000000000000001,0.10281975163767736,0.6666666666666666,2,0,10,0,0
214,128.32887432555918,191.62426396810028,0.05000000000000001,0.12870919269820055,0.4166666666666667,0,0,4,0,8
215,265.80220367624634,190.6637600380728,0.05000000000000001,0.07888888179635008,0.6666666666666666,0,1,0,4,7
216,157.83969615996003,189.52667256561398,0.05000000000000001,0.08009367901831865,0.4166666666666667,6,0,2,3,1
217,153.97359280752895,189.8624119419309,0.05000000000000001,0.08779300221552451,0.4166666666666667,0,0,11,0,1
218,201.64432661008243,189.74683233656916,0.05000000000000001,0.10697284154593945,0.6666666666666666,0,1,4,6,1
219,246.92936270603823,189.66680759209532,0.05000000000000001,0.110806779935956,0.5,3,0,4,5,0
220,354.7465670243898,194.18724696634115,0.05000000000000001,0.10629888158291578,0.8333333333333334,0,4,0,8,0
221,384.9462973546552,196.58917395044634,0.05000000000000001,0.07247633983691533,0.75,1,0,0,11,0
222,257.3334920961049,198.7815896620605,0.05000000000000001,0.10084279906004667,0.5833333333333334,2,1,7,2,0
223,259.660493438724,199.10873590659511,0.05000000000000001,0.11840332609911759,0.75,3,0,0,9,0
224,161.98505967564063,196.44750520724705,0.05000000000000001,0.1033761737247308,0.5,1,0,0,11,0
225,188.33109931852766,198.0463711056579,0.05000000000000001,0.08842411000902455,0.6666666666666666,0,1,0,11,0
226,414.1970420692575,203.68551415829083,0.05000000000000001,0.1039934108654658,1.0,0,0,0,12,0
227,361.1777481124864,207.3675673271034,0.05000000000000001,0.1264602616429329,0.6666666666666666,0,7,4,1,0
228,246.154014181418,208.969554956833,0.05000000000000001,0.12972099799662828,0.5833333333333334,0,4,3,5,0
229,47.23907214328522,203.75736591408193,0.05000000000000001,0.11267866908262174,0.08333333333333333,0,7,0,5,0
230,272.087235467422,206.2201867185726,0.05000000000000001,0.1031385933359464,0.6666666666666666,3,0,1,5,3
231,160.06585870198933,205.68148337628904,0.05000000000000001,0.1178141354272763,0.75,1,0,0,11,0
232,254.1567822846221,205.81431853250433,0.05000000000000001,0.10345640281836192,0.6666666666666666,0,1,2,9,0
233,220.6661268256941,203.72191752028183,0.05000000000000001,0.0843221905330817,0.5833333333333334,10,0,1,1,0
234,124.29445951937355,205.28766577592614,0.05000000000000001,0.10006682535943885,0.3333333333333333,1,6,0,5,0
235,167.16749706478976,202.7200995724205,0.05000000000000001,0.10823805071413517,0.9166666666666666,0,0,0,12,0
236,187.26255995559407,202.70631522676496,0.05000000000000001,0.07357843810071547,0.9166666666666666,0,0,2,10,0
237,102.3790986499337,199.99171304822076,0.05000000000000001,0.11603570046524207,0.3333333333333333,0,1,11,0,0
238,187.99551473917322,202.19148200655596,0.05000000000000001,0.10498658381402493,0.5833333333333334,0,0,11,1,0
239,346.2543140696468,202.55633013565915,0.05000000000000001,0.1016190576677521,0.9166666666666666,0,1,4,7,0
240,140.68081027947076,202.3055453526702,0.05000000000000001,0.10172706097364426,0.4166666666666667,3,0,1,8,0
241,133.51462612003118,199.97974677444546,0.05000000000000001,0.11794148354480664,0.3333333333333333,9,0,3,0,0
242,244.63524369482292,201.35090508871093,0.05000000000000001,0.10464905916402738,0.5833333333333334,0,0,12,0,0
243,182.96012351383754,200.2975204993519,0.05000000000000001,0.10125573041538398,0.75,0,0,12,0,0
244,199.07753550675017,198.7864975995408,0.05000000000000001,0.09759280985842149,0.8333333333333334,0,0,1,11,0
245,257.7381538351063,199.43522620909738,0.05000000000000001,0.11367460588614146,0.9166666666666666,0,0,0,8,4
246,99.68774317464508,197.1052407045846,0.05000000000000001,0.10442052378008763,0.3333333333333333,0,1,5,4,2
247,168.46279746562908,197.50287699305989,0.05000000000000001,0.10077155552183588,0.4166666666666667,10,0,0,2,0
248,224.0031397666217,193.99111703704455,0.05000000000000001,0.11525873218973477,0.5,0,10,0,2,0
249,130.29019608518584,193.008652788254,0.05000000000000001,0.08766336708019178,0.3333333333333333,0,1,0,2,9
250,224.6831001647794,195.23892614955975,0.05000000000000001,0.09777658898383379,0.5833333333333334,4,0,0,8,0
251,184.08029949385713,197.4847702699542,0.05000000000000001,0.10093055106699467,0.5,3,0,0,9,0
252,321.55954794090303,201.98233477599504,0.05000000000000001,0.09127210018535455,0.8333333333333334,0,1,0,11,0
253,360.7017224826181,205.3750639499004,0.05000000000000001,0.09959220420569181,0.75,0,0,0,12,0
254,259.76778686248053,208.3415983459154,0.05000000000000001,0.09113996444890897,0.8333333333333334,5,0,6,1,0
255,81.40748313042712,208.7409927006314,0.05000000000000001,0.11448039983709653,0.3333333333333333,8,0,0,4,0
256,276.4131077359971,212.06149450358768,0.05000000000000001,0.0847012186422944,0.6666666666666666,0,0,4,8,0
257,159.593413307363,210.76672347474033,0.05000000000000001,0.08496999616424243,0.6666666666666666,0,0,12,0,0
258,229.5093673792386,212.08150575715968,0.05000000000000001,0.08784914234032233,0.6666666666666666,0,0,7,5,0
259,212.5987511381103,214.44604534764437,0.05000000000000001,0.07953672918180625,0.75,1,0,0,11,0
260,387.12494628271224,216.5134178338168,0.05000000000000001,0.0953916988025109,0.75,0,6,0,6,0
261,279.6514749932754,220.78317492472826,0.05000000000000001,0.0970955624555548,0.75,0,0,5,7,0
262,310.44396108080286,221.53999548073534,0.05000000000000001,0.08822830331822236,0.5833333333333334,0,0,11,1,0
263,228.62865115630223,222.99664743138223,0.05000000000000001,0.0920723124096791,0.5833333333333334,0,0,1,11,0
264,298.6043843387307,226.40215763164565,0.05000000000000001,0.07363424589857459,1.0,0,0,0,12,0
265,256.20111215500674,226.2101358012209,0.05000000000000001,0.06720307267581423,0.9166666666666666,0,0,0,12,0
266,125.38834733454573,225.56110882471256,0.05000000000000001,0.07896470371633768,0.5,0,0,0,11,1
267,101.3647770716392,224.50893250999476,0.05000000000000001,0.0891222928961118,0.25,0,0,0,12,0
268,129.01600606765612,223.05636609914626,0.05000000000000001,0.08102988762160142,0.4166666666666667,0,0,11,1,0
269,225.04846402561054,222.6187481255377,0.05000000000000001,0.0933605565999945,0.75,0,0,12,0,0
270,102.29446849383214,217.56970615492654,0.05000000000000001,0.07654457290967305,0.3333333333333333,0,0,11,1,0
271,290.6483157085176,215.68374652200376,0.05000000000000001,0.07882191427052021,1.0,0,0,0,12,0
272,65.49910626572931,211.84705880539627,0.05000000000000001,0.10478895840545495,0.16666666666666666,0,3,0,9,0
273,331.338649904234,213.28062193470646,0.05000000000000001,0.10348452674224973,0.8333333333333334,2,0,0,0,10
274,343.10197530698815,216.90296024733343,0.05000000000000001,0.09741106474151214,0.8333333333333334,1,0,0,11,0
275,282.74022213620265,218.79114270368692,0.05000000000000001,0.07990010967478156,0.75,0,0,6,5,1
276,369.53515388040853,217.8979049399099,0.05000000000000001,0.0717269815504551,0.6666666666666666,0,0,12,0,0
277,214.97102383386385,214.97377045433745,0.05000000000000001,0.08432032136867444,0.5,0,0,9,3,0
278,135.8513477991444,212.767717126692,0.05000000000000001,0.08146433097620805,0.4166666666666667,0,0,0,12,0
279,159.60482130510988,215.01503210992848,0.05000000000000001,0.1073693720002969,0.5833333333333334,0,0,1,9,2
280,237.82194880962237,214.3297263767725,0.05000000000000001,0.08709026376406352,0.5833333333333334,0,0,0,5,7
281,66.562261443475,212.45965443160222,0.05000000000000001,0.07427183755983909,0.3333333333333333,4,0,1,7,0
282,396.99500442255214,215.31641887436083,0.05000000000000001,0.08055880914131801,0.8333333333333334,0,0,12,0,0
283,282.9293002762089,216.56168234337113,0.05000000000000001,0.09322681309034427,0.6666666666666666,0,1,3,8,0
284,98.15859014647911,216.03896495591326,0.05000000000000001,0.09031815019746621,0.25,0,0,12,0,0
285,242.160269459248,217.5388204038024,0.05000000000000001,0.09989615933348735,0.9166666666666666,0,0,2,10,0
286,248.7135846391332,218.7678408974732,0.05000000000000001,0.09662456003328164,0.9166666666666666,0,0,0,12,0
287,196.98494161391022,220.6599577567527,0.05000000000000001,0.0884320040543874,0.75,0,0,0,12,0
288,242.20660389196718,221.7441795398086,0.05000000000000001,0.09521367525060971,0.6666666666666666,0,1,0,11,0
289,171.25140623621408,218.24412138313994,0.05000000000000001,0.07969728267441194,0.5,4,0,5,3,0
290,197.89222890622625,219.38834975567505,0.05000000000000001,0.09625747178991635,0.75,1,0,8,3,0
291,275.7764778153587,222.2335867895816,0.05000000000000001,0.06266464463745554,0.6666666666666666,0,0,0,12,0
292,326.32609337056226,223.86740378309642,0.05000000000000001,0.09042115012804668,0.9166666666666666,0,0,4,8,0
293,220.69780508520802,224.6221574145238,0.05000000000000001,0.09050163875023524,0.5833333333333334,0,0,1,11,0
294,144.71736731965882,223.53495405078203,0.05000000000000001,0.0989059101169308,0.5,1,0,0,11,0
295,121.6971192931891,220.81413335994367,0.05000000000000001,0.09349808935075998,0.3333333333333333,0,0,0,2,10
296,171.25944574055146,222.24556741126176,0.05000000000000001,0.10438653950889905,0.5,1,0,1,6,4
297,163.91494215259138,222.154610305001,0.05000000000000001,0.09064661835630734,0.6666666666666666,0,0,0,12,0
298,199.1951544706265,221.65845059908108,0.05000000000000001,0.0900717166562875,0.9166666666666666,0,0,0,12,0
299,429.5332340074902,227.6433113575272,0.05000000000000001,0.10036584238211314,0.9166666666666666,0,0,0,11,1
300,135.54733900206858,225.860596134273,0.05000000000000001,0.10350878350436687,0.5833333333333334,0,0,0,11,1
301,222.4585633470934,226.62816141133771,0.05000000000000001,0.09598773624747992,0.6666666666666666,0,0,7,5,0
302,238.83746706208893,224.9737197937614,0.05000000000000001,0.09476449154317379,0.5,1,0,7,3,1
303,91.32225280137854,219.58613040013665,0.05000000000000001,0.08053192899872859,0.5,1,0,1,10,0
304,318.74092017561003,220.76559306639928,0.05000000000000001,0.08446166416009267,0.9166666666666666,0,0,1,11,0
305,224.9385103129273,223.63621361004923,0.05000000000000001,0.10212285940845807,0.5833333333333334,0,0,6,5,1
306,315.3346554212171,224.41464456375365,0.05000000000000001,0.08505421426768105,0.8333333333333334,0,0,0,12,0
307,178.24966676173588,224.78776963284108,0.05000000000000001,0.08130330840746562,0.5833333333333334,2,0,0,10,0
308,237.33408540215777,224.94426399329947,0.05000000000000001,0.08711677898342411,0.9166666666666666,0,0,0,12,0
309,158.4498877098429,223.8612867247341,0.05000000000000001,0.09463480487465858,0.4166666666666667,0,0,0,5,7
310,19.0,216.49878779907985,0.05000000000000001,0.06991090811789036,0.16666666666666666,6,0,2,2,2
311,181.9676038072135,214.54511037535863,0.05000000000000001,0.08259257146467765,0.75,0,0,0,12,0
312,347.56154507596926,215.28746205526193,0.05000000000000001,0.0845792271817724,0.9166666666666666,0,0,3,9,0
313,296.815304190633,216.65119511594858,0.05000000000000001,0.08474534160147111,0.5833333333333334,0,7,0,5,0
314,287.58513024156423,216.43081003400528,0.05000000000000001,0.08161253947764635,0.6666666666666666,0,0,0,12,0
315,162.78875565754834,214.5625629040561,0.05000000000000001,0.09217009631295998,0.5833333333333334,4,0,0,8,0
316,305.8599708896671,218.17199537515847,0.05000000000000001,0.09255280904471874,0.8333333333333334,0,0,0,12,0
317,312.53250245331856,222.39534988279206,0.05000000000000001,0.09706640367706616,0.8333333333333334,0,0,0,12,0
318,90.2191690639002,221.619413142717,0.05000000000000001,0.10207515240957339,0.5,3,0,1,8,0
319,227.30062904580447,221.6644564431209,0.05000000000000001,0.088839008162419,0.9166666666666666,1,0,0,11,0
320,170.2876312844615,223.02431969893348,0.05000000000000001,0.06676641603310902,0.3333333333333333,0,0,11,1,0
321,92.49252602074537,219.06120390517802,0.05000000000000001,0.07124483957886696,0.25,1,0,5,6,0
322,212.70654583159347,222.0053526964953,0.05000000000000001,0.09825419696668784,0.5833333333333334,0,0,0,12,0
323,164.7886565434771,218.6743528292801,0.05000000000000001,0.08815267030149698,0.4166666666666667,0,3,0,9,0
324,436.9788355168645,220.55189003347766,0.05000000000000001,0.08680915801475446,0.8333333333333334,0,1,10,0,1
325,271.58617328716605,220.3288090564969,0.05000000000000001,0.06340047065168619,0.6666666666666666,0,0,7,5,0
326,187.09072746357015,216.67992052816015,0.05000000000000001,0.09864859655499458,0.5833333333333334,0,1,1,0,10
327,108.26755069616394,214.54585106540617,0.05000000000000001,0.07818551330516736,0.4166666666666667,6,0,0,3,3
328,274.31637292268465,217.315151567877,0.05000000000000001,0.08028242457658052,0.75,0,0,0,12,0
329,209.28905070093634,218.3088361557935,0.05000000000000001,0.09338844163964193,0.8333333333333334,1,0,0,11,0
330,201.78321761165503,217.58806153183414,0.05000000000000001,0.09504572798808415,0.6666666666666666,1,2,0,5,4
331,167.3655508539155,219.60412732004298,0.05000000000000001,0.08472255834688742,0.5,0,3,0,9,0
332,237.84363607990522,216.42109995319007,0.05000000000000001,0.07787840565045674,0.75,0,1,0,11,0
333,214.74317018226682,215.05737735131117,0.05000000000000001,0.0948868381480376,0.8333333333333334,0,0,0,12,0
334,165.61323020529116,216.40647015248743,0.05,0.09058862986663978,0.4166666666666667,1,0,0,11,0
335,265.9927669097513,216.88312010149747,0.05,0.0735987862572074,0.5833333333333334,0,0,0,12,0
336,175.1303236021828,215.41145488075847,0.05,0.0665863777200381,0.5,0,0,6,6,0
337,368.46919962537805,218.84114004098788,0.05,0.05842455647264918,1.0,0,0,2,9,1
338,150.1773780195813,217.00055552354013,0.05,0.0653337702775995,0.6666666666666666,0,0,0,12,0
339,181.78828103254688,217.21129301946678,0.05,0.06258895217130582,0.5,8,0,0,4,0
340,322.51473824506587,219.70374320624356,0.05,0.055909564097722374,0.75,0,0,0,11,1
341,109.99792507370613,216.38817215141054,0.05,0.06988667820890744,0.4166666666666667,1,0,0,11,0
342,231.13125845836925,214.48427545316667,0.05,0.07974593651791413,0.5833333333333334,0,0,0,12,0
343,95.79242945090253,211.98616794048053,0.05,0.07484517650057872,0.4166666666666667,2,0,4,6,0
344,178.591566354568,212.66365192117874,0.05,0.06311094900593162,0.5,0,0,12,0,0
345,235.92621344150166,214.948233804145,0.05,0.06940333762516578,0.5833333333333334,0,0,12,0,0
346,141.17116369197595,214.34646816317348,0.05,0.057048381927112736,0.5,1,1,0,10,0
347,281.7633872932279,216.70343706598618,0.05,0.05264861431593696,0.75,0,1,0,11,0
348,13.160027249809808,212.98273452156982,0.05,0.06188992535074552,0.08333333333333333,4,0,0,8,0
349,179.7414611904129,207.98689906522833,0.05,0.054204715260614954,0.75,0,0,0,11,1
350,168.5660590631036,208.64727346644904,0.05,0.05387364855657021,0.5833333333333334,1,1,0,10,0
351,256.57677049329425,209.32963760937307,0.05,0.0571117140352726,0.9166666666666666,0,0,0,12,0
352,373.57321068633286,212.02435248185793,0.05,0.08224438223987818,0.6666666666666666,0,0,12,0,0
353,158.57296283494162,213.36936668252918,0.05,0.06576038307199876,0.4166666666666667,1,0,4,7,0
354,375.1078404482976,214.49670508798295,0.05,0.05941634438931942,0.9166666666666666,1,0,0,11,0
355,300.13059357064054,216.0005467531372,0.05,0.05672222779442867,0.9166666666666666,1,0,0,11,0
356,254.17442821346395,214.7773422089821,0.05,0.05012001314510902,0.8333333333333334,0,0,0,11,1
357,183.6903305582353,214.88615548491208,0.05,0.056819857098162174,0.6666666666666666,0,0,0,12,0
358,236.84021070498548,214.87627799096867,0.05,0.06603913102298975,0.8333333333333334,0,1,0,11,0
359,282.54164490710934,217.358113134914,0.05,0.06274801927308242,0.9166666666666666,0,0,1,10,1
360,195.97350765142434,220.89758328794247,0.05,0.059496598007778324,0.5833333333333334,1,0,0,11,0
361,184.5783292069829,220.94979779593785,0.05,0.057831413112580776,0.5,0,0,0,12,0
362,184.0600174211788,217.67976724284208,0.05,0.05203867983072996,0.75,0,0,0,12,0
363,335.8778685524769,218.46101853007895,0.05,0.05539614210526148,1.0,0,0,0,12,0
364,414.5675476382521,221.0006668780127,0.05,0.059688595278809466,0.8333333333333334,0,0,10,1,1
365,333.1605244218543,224.4081022532988,0.05,0.059248711137721934,0.75,0,0,4,8,0
366,234.0263597942057,222.97143003138953,0.05,0.06487445502231519,0.6666666666666666,0,0,1,11,0
367,201.39279958228113,220.74863597396882,0.05,0.06747609749436378,0.5,1,0,0,11,0
368,242.04013407234228,223.7850552741377,0.05,0.05857967305928469,0.4166666666666667,0,0,4,3,5
369,142.14161092630164,222.0818749117476,0.05,0.0579250818118453,0.6666666666666666,0,0,0,11,1
370,406.3660984483102,226.8034442550246,0.05,0.059753814401725926,1.0,0,1,0,11,0
371,250.03960310668026,229.9543857967433,0.05,0.04712224658578634,0.6666666666666666,0,0,0,12,0
372,180.37386488868512,229.30773217788516,0.05,0.06466230563819408,0.5,0,0,1,11,0
373,287.6405848573276,231.76477074416212,0.05,0.05686573156466087,0.6666666666666666,0,0,1,11,0
374,147.58966835734174,225.97698740097167,0.05,0.06296428199857473,0.3333333333333333,1,0,7,4,0
375,289.65540575404725,226.3383720503093,0.05,0.061829871498048306,0.6666666666666666,0,0,7,5,0
376,200.20500361357367,226.60065757330938,0.05,0.06677433879425128,0.5833333333333334,1,0,0,11,0
377,278.2310227150538,229.99992701368717,0.05,0.07362574742486079,0.8333333333333334,0,0,0,12,0
378,202.55631593666737,228.5647258739668,0.05,0.06781771002958219,0.75,0,0,0,12,0
379,122.62714655775522,226.8314877911032,0.05,0.062481436568001904,0.3333333333333333,0,1,0,11,0
380,17.55748343665268,223.14697310760315,0.05,0.06602971193691094,0.08333333333333333,5,2,0,4,1
381,85.06902347443973,221.50104256001367,0.05,0.06360895683368047,0.6666666666666666,0,0,0,12,0
382,327.8764681941698,223.30169920229895,0.05,0.07138668404271205,0.75,0,1,4,5,2
383,191.23231056138192,222.83148200988126,0.05,0.06444153810540836,0.5833333333333334,0,0,1,11,0
384,272.5799435969216,224.97081627771382,0.05,0.062367210164666176,0.8333333333333334,0,0,0,12,0
385,35.54400957566821,220.3618411310322,0.05,0.0575448510547479,0.08333333333333333,3,0,0,2,7
386,235.31217593069442,221.56547817760242,0.05,0.06317890000840028,0.75,0,0,0,12,0
387,210.917832286357,218.41445083082203,0.05,0.06584833127756913,0.6666666666666666,0,0,1,10,1
388,150.54586999380467,218.4218206703065,0.05,0.05809397979949912,0.5833333333333334,0,0,0,12,0
389,150.12667252604945,217.78858850017653,0.05,0.05182084798191985,0.5833333333333334,0,0,0,12,0
390,252.8408583725747,216.3951109027267,0.05,0.05393401316056649,0.8333333333333334,0,0,0,11,1
391,254.8089237842981,219.29133087693856,0.05,0.06815831301112969,0.6666666666666666,1,0,0,1,10
392,176.1194329180198,218.19109436613155,0.05,0.056725913348297276,0.75,0,1,1,9,1
393,185.7331209508072,219.98990819612962,0.05,0.06824123362700145,0.8333333333333334,0,0,0,12,0
394,216.63028329683,220.75068253497489,0.05,0.06356244627386332,0.9166666666666666,0,0,0,12,0
395,60.48075892998193,217.2417734447445,0.05,0.06684902248283227,0.25,0,0,0,10,2
396,278.7551608135738,219.99345338717646,0.05,0.059621929501493774,0.8333333333333334,0,1,0,11,0
397,280.6389665538502,219.9709649723889,0.05,0.06359857150043051,0.75,0,0,0,12,0
398,263.0022520816853,224.9678094690264,0.05,0.06298507067064445,0.75,1,0,1,10,0
399,219.86219385315468,225.7702241222812,0.05,0.051084619325896106,0.6666666666666666,0,0,0,12,0
400,192.10960952202342,226.24109513145962,0.05,0.05211840709671378,0.4166666666666667,0,0,0,12,0
401,272.41927437145773,226.5579452090229,0.05,0.06133915421863397,0.75,0,0,1,11,0
402,64.9953588345622,220.3863881719875,0.05,0.06433778970191877,0.25,0,1,4,6,1
403,154.35141212231665,220.301957157735,0.05,0.06438490562140942,0.5833333333333334,0,0,1,11,0
404,237.7164587672442,217.55412952411396,0.05,0.05729910001779596,0.8333333333333334,0,1,0,11,0
405,151.24765360981453,214.57647072489743,0.05,0.06880129625399907,0.5833333333333334,0,0,0,12,0
406,192.90450118605125,213.35107218434914,0.05,0.06379090963552396,0.8333333333333334,0,0,0,12,0
407,279.8385348252313,215.27403626968905,0.05,0.0566015689012905,0.6666666666666666,0,0,0,12,0
408,159.38215802649893,213.72487521611933,0.05,0.060645618475973606,0.8333333333333334,0,0,0,11,1
409,187.0659244452098,211.81536080688136,0.05,0.056141977508862816,0.5833333333333334,0,0,0,12,0
410,246.95769768034705,212.8350446074598,0.05,0.06159371385971705,0.75,0,0,5,7,0
411,248.6570199214414,214.116618421749,0.05,0.0648909422258536,0.6666666666666666,0,0,0,12,0
412,98.65668341285874,212.40855174158256,0.05,0.0511462475794057,0.4166666666666667,0,0,0,12,0
413,215.70540882193166,210.00510254697167,0.05,0.058327630162239075,0.9166666666666666,0,1,0,11,0
414,215.4148553239347,206.0220487006853,0.05,0.05991781006256739,0.75,0,0,4,8,0
415,277.8878072080329,204.9165943564089,0.05,0.05319266285126408,0.6666666666666666,0,0,1,11,0
416,198.35772625454035,204.20322168561557,0.05,0.06320198283841212,0.3333333333333333,0,0,4,0,8
417,118.61945194903801,202.5477547329507,0.05,0.07667684865494569,0.25,1,0,6,2,3
418,48.20092615139988,198.67097057453185,0.05,0.0532289557158947,0.3333333333333333,0,0,0,11,1
419,197.21130623761493,199.77236448075814,0.05,0.044748436038692795,0.4166666666666667,0,0,0,12,0
420,222.6941815123078,196.0989261420381,0.05,0.05410559785862764,0.6666666666666666,0,0,0,12,0
421,297.66811151996745,197.05149631030383,0.05,0.053611926113565765,0.8333333333333334,0,0,1,11,0
422,192.4013787279783,197.29204658708971,0.05,0.04674396229286989,0.5833333333333334,0,0,0,11,1
423,256.3164495210033,196.66556388036324,0.05,0.03889359114691615,0.6666666666666666,0,0,0,12,0
424,279.88586301633376,199.31148777354304,0.05,0.04690983301649491,0.4166666666666667,0,0,11,1,0
425,252.83858890449636,198.5751514365521,0.05,0.046410664450377226,0.5833333333333334,0,0,9,3,0
426,265.0982072715101,199.8730155097108,0.05,0.03576352012654146,0.5833333333333334,0,0,12,0,0
427,372.0974776655361,201.7503446087204,0.05,0.05000654483834902,0.5833333333333334,1,0,11,0,0
428,170.82149476316556,201.1156481852504,0.05,0.04653516955052813,1.0,0,0,0,12,0
429,164.2837134999493,201.94877952409428,0.05,0.040474936521301665,0.4166666666666667,0,0,11,0,1
430,108.53800206322668,203.76838989662576,0.05,0.0493418926683565,0.3333333333333333,0,1,4,7,0
431,322.4304376523167,208.5156181801833,0.05,0.05220967438071966,0.8333333333333334,0,0,1,11,0
432,209.61383863200484,206.15036558893996,0.05,0.04204093494142095,0.5,0,0,1,11,0
433,135.20259880326978,205.02977135377776,0.05,0.04169098334386945,0.6666666666666666,0,1,0,11,0
434,132.59666175681423,202.23010571697557,0.05,0.04120226918409268,0.5833333333333334,0,1,0,11,0
435,177.08439623359743,205.06091345013414,0.05,0.04454621129358808,0.9166666666666666,1,0,1,10,0
436,160.7256143325957,203.56918221817216,0.05,0.04350183671340346,0.75,0,0,0,12,0
437,270.6844263211825,204.76451409886872,0.05,0.04026811119789878,0.5,0,0,12,0,0
438,155.1056798979864,204.85571029695234,0.05,0.03931369803225001,0.5833333333333334,0,1,4,2,5
439,123.25739021716745,204.3183246507747,0.05,0.04410642540703217,0.3333333333333333,0,0,12,0,0
440,180.34554320125443,202.8684183473483,0.05,0.0378625577626129,0.3333333333333333,1,0,11,0,0
441,134.92608095375863,200.4707614907375,0.05,0.05119865061715245,0.4166666666666667,0,0,0,12,0
442,214.33771022174508,201.23512703681206,0.05,0.04127221725260218,0.5833333333333334,0,0,1,11,0
443,267.16411792441795,202.86374697628423,0.05,0.046510230439404644,0.8333333333333334,0,0,0,12,0
444,63.34542010232158,199.79804971239406,0.05,0.04564863070845604,0.5833333333333334,0,1,0,11,0
445,273.1996595996288,204.05242772578694,0.05,0.04128275423621138,0.75,0,0,0,12,0
446,263.71047260610595,203.75153396163762,0.05,0.04079783180107673,0.9166666666666666,0,0,1,10,1
447,360.2432172505456,205.34361897557153,0.05,0.04069780884310603,0.8333333333333334,0,0,0,12,0
448,364.82946682690664,207.38016327047598,0.05,0.047584651658932366,0.9166666666666666,0,0,0,11,1
449,243.63001549157357,207.8555197032443,0.05,0.037926298255721726,0.8333333333333334,0,0,1,11,0
450,272.55447704662345,209.46441705373636,0.05,0.03717909241095185,0.6666666666666666,0,1,0,11,0
451,257.2391391818025,209.16081434994325,0.05,0.048335532347361244,0.8333333333333334,0,0,0,12,0
452,190.40205073057723,211.66894818786352,0.05,0.039258804793159165,0.3333333333333333,0,0,12,0,0
453,175.9056984998031,212.10003391541326,0.05,0.04473969200626016,0.6666666666666666,0,1,1,10,0
454,227.77065309945192,211.90111780205743,0.05,0.038620047426472105,0.6666666666666666,0,0,1,11,0
455,145.70748553260216,211.79031444051319,0.05,0.03364058397710323,0.3333333333333333,0,0,11,0,1
456,140.53082769744603,210.7428409707411,0.05,0.04342809707547227,0.4166666666666667,0,0,3,9,0
457,184.40593766436436,208.8341890275237,0.05,0.04563157167285681,0.6666666666666666,0,0,1,11,0
458,266.8264292732577,210.98307445245894,0.05,0.03662522401039799,0.75,0,0,1,11,0
459,245.2507566453482,212.14677109646166,0.05,0.04321174183860421,0.75,0,0,7,4,1
460,324.2763471648222,213.69314408615116,0.05,0.04256302832315365,0.6666666666666666,0,0,12,0,0
461,257.1215968060717,213.86243562384377,0.05,0.04099021401877204,0.75,0,0,1,11,0
462,220.8987614926902,216.30727718544043,0.05,0.04583137451360623,0.8333333333333334,0,0,0,11,1
463,296.62922979792654,217.92575360496033,0.05,0.04466614841173092,0.9166666666666666,0,0,0,12,0
464,292.37050103168536,219.46486651911536,0.05,0.05045788797239462,0.6666666666666666,0,0,0,12,0
465,114.03780912326728,216.18786655742002,0.05,0.041782171155015625,0.3333333333333333,0,0,0,11,1
466,192.0793539404156,216.06229911113752,0.05,0.041349191994716726,0.75,0,0,0,12,0
467,271.0610954994043,219.11113198214483,0.05,0.041768708576758705,1.0,0,0,0,12,0
468,286.24718829394834,223.87205722499584,0.05,0.03655804398780068,0.75,1,0,0,11,0
469,264.7442283715375,225.22271566767427,0.05,0.04460720500598351,0.75,0,1,0,11,0
470,200.10138022700338,224.77085964196817,0.05,0.03786658030003309,0.9166666666666666,0,0,0,12,0
471,398.0822718763982,226.77914284909676,0.05,0.047922386632611357,0.9166666666666666,0,0,1,10,1
472,300.46387415610104,228.9403927576592,0.05,0.03808017789075772,0.5833333333333334,0,0,10,2,0
473,187.0463728538391,227.55499122431596,0.05,0.04436615637193123,0.5833333333333334,0,1,0,11,0
474,109.26376373466842,224.1425492386827,0.05,0.049358958999315895,0.5,0,0,1,10,1
475,508.5290188410824,229.25635783741436,0.05,0.04385468767335018,0.9166666666666666,0,0,0,12,0
476,177.5537425675455,227.50546854333507,0.05,0.04484301619231701,0.5,0,0,0,12,0
477,446.0158353070296,228.98383569616493,0.05,0.04653133281196157,0.8333333333333334,0,0,3,9,0
478,338.7275673014918,232.3419571469315,0.05,0.042501308023929596,0.9166666666666666,0,0,1,11,0
479,174.63671357678578,232.54901714846818,0.05,0.04316566108415524,0.4166666666666667,0,0,11,1,0
480,232.79141341657504,235.03408537553514,0.05,0.04003094478199879,0.5833333333333334,0,0,2,10,0
481,259.8056390539833,233.78158940356852,0.05,0.03561848153670629,0.75,0,0,0,11,1
482,221.90741060725983,234.02746084307364,0.05,0.04411051794886589,0.6666666666666666,0,0,0,12,0
483,306.9550882504126,237.46251063201646,0.05,0.040987766503045954,1.0,0,0,0,12,0
484,153.09566736981472,237.87249074427643,0.05,0.04449713152522842,0.5833333333333334,0,0,0,12,0
485,239.71056852113958,239.12501419002731,0.05,0.04746447394912442,0.75,1,0,0,10,1
486,88.30273746815047,237.6765566527384,0.05,0.041178038654228054,0.3333333333333333,0,1,1,9,1
487,328.6533637308821,238.83593540093239,0.05,0.042622029626121126,0.75,0,0,0,12,0
488,276.9990807324738,241.27380341762216,0.05,0.03977032176529368,0.8333333333333334,0,0,1,11,0
489,144.87293740850572,241.7061143614489,0.05,0.04093971165517966,0.8333333333333334,0,0,0,12,0
490,172.8046950520535,241.55529739846486,0.05,0.04240606197466453,0.6666666666666666,0,0,0,12,0
491,315.89258279254886,245.1746274352407,0.05,0.037448991710940994,0.6666666666666666,0,0,0,12,0
492,341.07794399434243,247.7094321106926,0.05,0.04280309689541658,1.0,0,0,0,12,0
493,139.53348480982606,245.1568194484008,0.05,0.0436724325021108,0.75,0,0,0,12,0
494,314.8451382648721,250.1868138116518,0.05,0.038805980856219925,0.8333333333333334,0,0,0,12,0
495,142.7056218329901,247.57693305631906,0.05,0.03807278458649913,0.6666666666666666,0,0,0,12,0
496,173.66764014523022,245.7760764071015,0.05,0.04403791048874458,0.5,0,0,4,7,1
497,233.35956941869105,243.23840345046443,0.05,0.045305455879618727,0.6666666666666666,0,1,0,11,0
498,30.789919790323083,236.55761250973276,0.05,0.03751389433940252,0.08333333333333333,1,10,1,0,0
499,229.0482326066999,236.26597685203527,0.05,0.048696175683289766,0.5,0,3,2,7,0
500,287.0266202264693,236.55541971563224,0.05,0.04290854775657257,0.8333333333333334,0,0,1,11,0
